{"f1231723": {"from_verts": [[0.7216959595680237, -0.31165605783462524, 3.624375104904175], [0.647070586681366, -0.21676236391067505, 3.706125259399414], [0.5769641995429993, -0.11518914997577667, 3.807000160217285], [0.5021570920944214, -0.019404212012887, 3.885000228881836], [0.35917985439300537, 0.17619958519935608, 4.069499969482422], [0.21427707374095917, 0.3730955719947815, 4.245750427246094], [0.06870283931493759, 0.572628378868103, 4.422500133514404], [-0.0036917785182595253, 0.6722675561904907, 4.518000602722168], [0.5890216827392578, -0.3765048086643219, 3.5767502784729004], [0.44384345412254333, -0.17854911088943481, 3.758000135421753], [0.15573948621749878, 0.21187682449817657, 4.116500377655029], [0.009264693595468998, 0.412740558385849, 4.297250270843506], [-0.06235243007540703, 0.5132362246513367, 4.392250061035156], [-0.13661056756973267, 0.6089402437210083, 4.4720001220703125], [0.38473066687583923, -0.3390192985534668, 3.6277501583099365], [0.24033237993717194, -0.14352251589298248, 3.808500289916992], [0.09454396367073059, 0.05118328332901001, 3.987375259399414], [-0.04984220489859581, 0.2484266459941864, 4.165250301361084], [-0.19387955963611603, 0.44577664136886597, 4.339125156402588], [-0.34064775705337524, 0.6421284675598145, 4.518500328063965], [0.034076910465955734, -0.10797146707773209, 3.8525002002716064], [-0.10901018977165222, 0.08769793063402176, 4.031750202178955], [-0.2542109191417694, 0.28599369525909424, 4.217250347137451], [-0.3985983729362488, 0.48319217562675476, 4.392125129699707], [-0.47409456968307495, 0.5839228630065918, 4.488750457763672]], "to_verts": [[0.0, 0.0, 0.0], [0.15000000596046448, 0.0, 0.0], [0.30000001192092896, 0.0, 0.0], [0.45000001788139343, 0.0, 0.0], [0.75, 0.0, 0.0], [1.0500000715255737, 0.0, 0.0], [1.350000023841858, 0.0, 0.0], [1.5, 0.0, 0.0], [0.0, 0.15000000596046448, 0.0], [0.30000001192092896, 0.15000000596046448, 0.0], [0.9000000357627869, 0.15000000596046448, 0.0], [1.2000000476837158, 0.15000000596046448, 0.0], [1.350000023841858, 0.15000000596046448, 0.0], [1.5, 0.15000000596046448, 0.0], [0.15000000596046448, 0.30000001192092896, 0.0], [0.45000001788139343, 0.30000001192092896, 0.0], [0.75, 0.30000001192092896, 0.0], [1.0500000715255737, 0.30000001192092896, 0.0], [1.350000023841858, 0.30000001192092896, 0.0], [1.6500000953674316, 0.30000001192092896, 0.0], [0.6000000238418579, 0.45000001788139343, 0.0], [0.9000000357627869, 0.45000001788139343, 0.0], [1.2000000476837158, 0.45000001788139343, 0.0], [1.5, 0.45000001788139343, 0.0], [1.6500000953674316, 0.45000001788139343, 0.0]]}, "f1230814": {"from_verts": [[0.8340083360671997, 0.01772846281528473, 3.7462501525878906], [0.7661885023117065, -0.07361379265785217, 3.8408751487731934], [0.7075338363647461, -0.16977009177207947, 3.9463753700256348], [0.5782275795936584, -0.3539975583553314, 4.1372504234313965], [0.4511793553829193, -0.5427596569061279, 4.3388752937316895], [0.32532766461372375, -0.7321625351905823, 4.529250144958496], [0.19826456904411316, -0.918778121471405, 4.724250316619873], [0.9088100790977478, -0.1237054318189621, 3.8867502212524414], [0.7812228202819824, -0.31284093856811523, 4.084375381469727], [0.5252557992935181, -0.6867228746414185, 4.475375175476074], [0.39846691489219666, -0.8774783611297607, 4.673250198364258], [0.2731057107448578, -1.062034010887146, 4.863750457763672], [1.112764596939087, -0.08188701421022415, 3.8297502994537354], [0.9836298227310181, -0.26938632130622864, 4.027000427246094], [0.8545705080032349, -0.45565998554229736, 4.221750259399414], [0.7265911102294922, -0.645210862159729, 4.419750213623047], [0.6006012558937073, -0.832648515701294, 4.618000030517578], [0.47105956077575684, -1.021241545677185, 4.808375358581543], [1.1866387128829956, -0.2270089089870453, 3.9690001010894775], [1.0575670003890991, -0.41214483976364136, 4.164000034332275], [0.9293696880340576, -0.6012383699417114, 4.363875389099121], [0.7998974323272705, -0.7873684167861938, 4.555375099182129], [0.674734890460968, -0.9772810935974121, 4.751625061035156], [0.5474957227706909, -1.1655628681182861, 4.94812536239624]], "to_verts": [[0.0, 0.0, 0.0], [0.15000000596046448, 0.0, 0.0], [0.30000001192092896, 0.0, 0.0], [0.6000000238418579, 0.0, 0.0], [0.9000000357627869, 0.0, 0.0], [1.2000000476837158, 0.0, 0.0], [1.5, 0.0, 0.0], [0.15000000596046448, 0.15000000596046448, 0.0], [0.45000001788139343, 0.15000000596046448, 0.0], [1.0500000715255737, 0.15000000596046448, 0.0], [1.350000023841858, 0.15000000596046448, 0.0], [1.6500000953674316, 0.15000000596046448, 0.0], [0.0, 0.30000001192092896, 0.0], [0.30000001192092896, 0.30000001192092896, 0.0], [0.6000000238418579, 0.30000001192092896, 0.0], [0.9000000357627869, 0.30000001192092896, 0.0], [1.2000000476837158, 0.30000001192092896, 0.0], [1.5, 0.30000001192092896, 0.0], [0.15000000596046448, 0.45000001788139343, 0.0], [0.45000001788139343, 0.45000001788139343, 0.0], [0.75, 0.45000001788139343, 0.0], [1.0500000715255737, 0.45000001788139343, 0.0], [1.350000023841858, 0.45000001788139343, 0.0], [1.6500000953674316, 0.45000001788139343, 0.0]]}, "f0271635": {"from_verts": [[0.5041735172271729, 0.22479191422462463, 4.22812557220459], [0.25096043944358826, 0.47204047441482544, 3.9547502994537354], [-0.0015711599262431264, 0.7170417904853821, 3.681500196456909], [-0.08581366389989853, 0.7987544536590576, 3.5875000953674316], [-0.2563433051109314, 0.9683987498283386, 3.4065001010894775], [0.21191516518592834, 0.3550487756729126, 4.119750022888184], [0.1285426765680313, 0.43628811836242676, 4.032500267028809], [-0.12576334178447723, 0.6801872253417969, 3.7581253051757812], [-0.21184489130973816, 0.7636858224868774, 3.6720001697540283], [-0.2954457104206085, 0.845570981502533, 3.574000120162964], [0.33965864777565, 0.073707714676857, 4.4735002517700195], [0.25567513704299927, 0.1527010202407837, 4.385000228881836], [0.08763457834720612, 0.3188426196575165, 4.200250148773193], [0.004282141104340553, 0.3998781144618988, 4.111375331878662], [-0.08143270760774612, 0.4823068380355835, 4.021500110626221], [-0.1657368391752243, 0.5629571080207825, 3.9255001544952393], [-0.2498023957014084, 0.6446969509124756, 3.840250253677368], [-0.3357953727245331, 0.7266862392425537, 3.7451252937316895], [-0.42111682891845703, 0.8114345073699951, 3.656750202178955], [0.2982851266860962, -0.04920030012726784, 4.647624969482422], [0.21523600816726685, 0.03493707627058029, 4.551000595092773], [0.1322874277830124, 0.1160779669880867, 4.461250305175781], [0.04621613025665283, 0.20008331537246704, 4.365875244140625], [-0.03641890361905098, 0.2811468541622162, 4.283250331878662], [-0.12170789390802383, 0.36404693126678467, 4.18850040435791], [-0.2060081511735916, 0.4436452388763428, 4.098750114440918], [-0.29022514820098877, 0.5280014872550964, 4.010000228881836], [-0.3751870393753052, 0.608767569065094, 3.916750192642212], [-0.45966875553131104, 0.6915342807769775, 3.82450008392334], [-0.6328854560852051, 0.8573141098022461, 3.6437501907348633]],