{
    "f1231723": {"rotation":
		 [[-0.47928370006994503, -0.8750214979544897, 0.06800377169499466], [0.6492462184428772, -0.4056199053488573, -0.6433908922439051], [0.5905645457398265, -0.264215575813134, 0.7625114076607947]],
		 "translation": [[-1.6, 1.5, -3.0]]},
    "f1230814": {"rotation": [[-0.4246555908577315, 0.9041892477057707, 0.04592856939360987], [-0.6265013221193998, -0.33010329340279765, 0.7060650884070607], [0.6535776331361981, 0.27106017785336756, 0.7066559682378589]],
		 "translation": [[-2.16, -1.7, -2.54]]},
    "f0271635": {"rotation": [[-0.5649013470215095, -0.8132192965803082, 0.1398600865247589], [0.5524114955380336, -0.2467988965277807, 0.796198369924294], [-0.6129665633056322, 0.5270338512297849, 0.588648716916281]],
		 "translation": [[3.0517600092066828, -1.7, -2.54]]},
    "f0221612": {"rotation": [[-0.5497874385380195, 0.8292643541745887, -0.10027164764381735], [-0.49407851665589403, -0.4196358939717264, -0.761440828869625], [-0.6735133196937642, -0.3690885359719981, 0.6404322452915161]],
		 "translation": [[3.75, 1.6, -3.00]]}
}
